Name,Discount,New Price,Old Price,Positive Reviews,Number of Reviews
Darkest Dungeon¬Æ: Ancestral Edition,76,47.29,194.45,89.0,80710.0
Dying Light Enhanced Edition,70,47.99,159.99,94.0,169549.0
Darkest Dungeon¬Æ,80,17.99,89.99,90.0,76798.0
Dying Light,66,33.99,99.99,94.0,164670.0
Loop Hero,15,59.49,69.99,,
Deep Rock Galactic,35,70.19,107.99,97.0,62456.0
Darkest Dungeon¬Æ: The Crimson Court,60,14.39,35.99,68.0,1320.0
EA Play,80,2.99,14.99,,
Wreckfest Complete Edition,52,117.19,242.47,84.0,18315.0
Wreckfest,50,62.49,124.99,84.0,18222.0
Europa Universalis IV: Empire Bundle,58,428.91,1024.83,84.0,66021.0
HUMANKIND‚Ñ¢,17,214.97,259.0,,
Frostpunk,66,37.39,109.99,90.0,50944.0
Darkest Dungeon¬Æ: The Color Of Madness,60,7.19,17.99,71.0,706.0
Project Wingman Obs≈Çuga VR,20,71.99,89.99,94.0,4681.0
BioShock: The Collection,80,51.58,257.9,88.0,112869.0
A Way Out,70,35.97,119.9,88.0,8267.0
Breathedge,25,67.49,89.99,88.0,6111.0
Darkest Dungeon Soundtrack,80,7.19,35.99,85.0,141.0
SCUM,40,64.79,107.99,71.0,40407.0
Darkest Dungeon¬Æ: The Shieldbreaker,60,5.79,14.49,77.0,386.0
Trine 4: The Nightmare Prince,75,26.99,107.99,91.0,5817.0
Unravel Yarny Bundle,81,10.08,53.8,89.0,1600.0
Curse of the Dead Gods,10,53.99,59.99,88.0,2685.0
Wreckfest - Season Pass 2,34,36.29,54.99,88.0,43.0
Wreckfest - Season Pass 1,40,37.49,62.49,88.0,50.0
SUPERHOT,60,11.99,29.99,89.0,17136.0
Unravel Two,75,6.72,26.9,87.0,717.0
Expansion - Europa Universalis IV: Emperor,50,35.99,71.99,52.0,740.0
Homefront¬Æ: The Revolution,80,14.39,71.99,60.0,8366.0
Call of Juarez: Gunslinger,60,19.99,49.99,94.0,11539.0
Unravel,75,6.72,26.9,91.0,883.0
SUPERHOT ONE OF US BUNDLE,66,20.38,59.98,88.0,22323.0
Littlewood,25,40.49,53.99,95.0,3441.0
Europa Universalis IV,75,35.74,142.99,87.0,61136.0
Hunt: Showdown - Anniversary Bundle,63,119.59,326.96,82.0,61996.0
Frostpunk: Game of the Year Edition,55,106.73,235.96,89.0,53266.0
SUPERHOT: MIND CONTROL DELETE,60,11.99,29.99,86.0,5187.0
Homefront Collection,80,58.2,292.49,61.0,11187.0
Phantom Doctrine,80,28.59,142.99,76.0,2543.0
Gloria Victis: Medieval MMORPG,50,34.99,69.99,70.0,4299.0
Dying Light: The Following,66,23.79,69.99,80.0,2857.0
Maquette,10,64.79,71.99,80.0,21.0
Unity of Command II + DLC,41,85.48,143.98,81.0,852.0
Blackwake,90,3.59,35.99,83.0,18254.0
Production Line : Car factory simulation,68,28.79,89.99,84.0,2395.0
SCUM + Supporter Pack,34,95.74,143.98,71.0,40905.0
Dying Light / Left 4 Dead 2,64,71.38,195.98,96.0,488518.0
Car Mechanic Simulator 2015 - Platinum Edition,86,30.14,217.69,91.0,10906.0
Trine 4: Melody of Mystery,20,23.19,28.99,94.0,123.0
Evil Bank Manager,51,21.56,43.99,77.0,1277.0
Total War: THREE KINGDOMS - Fates Divided,10,37.79,41.99,,
Fights in Tight Spaces,10,80.99,89.99,93.0,247.0
Trine: Ultimate Collection,80,62.57,312.97,90.0,34264.0
Car Mechanic Simulator 2015 Gold Edition,90,8.99,89.99,91.0,10704.0
All-In-One Sports VR Tylko VR,30,75.59,107.99,76.0,30.0
THE COMPLETE SUPERHOT BUNDLE,61,58.47,149.97,88.0,26917.0
Stronghold Crusader 2 Ultimate Edition,80,51.99,259.99,84.0,15325.0
Call to Arms - Ultimate Edition,75,44.99,179.99,78.0,7869.0
Mass Production Bundle,54,58.29,125.97,84.0,2407.0
Expansion - Europa Universalis IV: Art of War,50,35.99,71.99,60.0,290.0
Bus Driver Simulator Obs≈Çuga VR,80,14.99,74.99,56.0,1298.0
Call of Juarez Bundle,72,35.93,129.79,92.0,14725.0
Trine 3: The Artifacts of Power,75,19.75,79.0,65.0,5514.0
Foregone,20,57.59,71.99,81.0,48.0
Expansion - Europa Universalis IV: Mandate of Heaven,50,35.99,71.99,58.0,328.0
SUPERHOT VR Tylko VR,40,53.99,89.99,88.0,4594.0
RUNNING WITH RIFLES,80,10.99,54.99,88.0,6956.0
Expansion - Europa Universalis IV: Dharma,50,35.99,71.99,35.0,477.0
CrossCode: A New Home,10,29.69,32.99,98.0,122.0
Hero Siege,85,4.19,27.99,78.0,18884.0
TROUBLESHOOTER: Abandoned Children,33,60.29,89.99,94.0,4149.0
Homefront¬Æ: The Revolution - Expansion Pass,60,21.59,53.99,68.0,69.0
Monster Jam Steel Titans,75,19.99,79.99,71.0,188.0
Geneforge 1 - Mutagen,15,61.19,71.99,94.0,74.0
Nine Parchments,75,17.99,71.99,77.0,2454.0
Nimbatus - The Space Drone Constructor,30,50.39,71.99,83.0,1192.0
Expansion - Europa Universalis IV: El Dorado,50,26.99,53.99,71.0,317.0
Rhythm Doctor,10,52.19,57.99,98.0,2434.0
Enemy Front,90,7.19,71.99,62.0,2611.0
Call to Arms,75,13.49,53.99,78.0,7769.0
Expansion - Europa Universalis IV: Conquest of Paradise,50,26.99,53.99,38.0,142.0
Project Warlock,66,13.6,40.0,90.0,1887.0
Car Mechanic Simulator 2015,90,7.19,71.99,91.0,10173.0
Vaporum: Lockdown,30,45.49,64.99,88.0,120.0
Giraffe and Annika,30,50.39,71.99,91.0,159.0
The Golf Club‚Ñ¢ 2019 featuring PGA TOUR,75,52.25,209.0,72.0,1474.0
Trine Enchanted Edition,75,13.49,53.99,95.0,9716.0
CrossCode Complete Edition,13,94.74,108.57,94.0,8870.0
Carmageddon: Max Damage,80,12.19,60.99,77.0,1806.0
MX vs ATV All Out,75,39.99,159.99,73.0,595.0
Dying Light - Hellraid,15,29.74,34.99,34.0,865.0
Cattails | Become a Cat!,75,13.49,53.99,95.0,1083.0
Homefront,80,14.39,71.99,62.0,2669.0
Expansion - Europa Universalis IV: Cradle of Civilization,50,35.99,71.99,65.0,170.0
Heavenworld,75,26.99,107.99,72.0,151.0
Call of Juarez,75,9.97,39.9,81.0,1220.0
Fury Unleashed,50,35.99,71.99,92.0,627.0
Sakura Succubus 4,25,26.99,35.99,100.0,10.0
Immersion Pack - Europa Universalis IV: Golden Century,50,17.99,35.99,30.0,399.0
Expansion - Europa Universalis IV: Rights of Man,50,35.99,71.99,71.0,269.0
Expansion - Europa Universalis IV: The Cossacks,50,35.99,71.99,45.0,331.0
Green Project,50,21.99,43.99,88.0,672.0
Calico,15,37.39,43.99,91.0,950.0
Expansion - Europa Universalis IV: Wealth of Nations,50,17.99,35.99,51.0,121.0
Devil Daggers,50,8.99,17.99,96.0,4700.0
Dying Light - Retrowave Bundle,33,7.36,10.99,93.0,270.0
BioShock‚Ñ¢ Remastered,67,28.34,85.9,77.0,22821.0
Immersion Pack - Europa Universalis IV: Third Rome,50,17.99,35.99,43.0,222.0
Neo Cab,40,32.39,53.99,86.0,850.0
Expansion - Europa Universalis IV: Common Sense,50,26.99,53.99,52.0,461.0
Expansion - Europa Universalis IV: Mare Nostrum,50,26.99,53.99,41.0,263.0
BAJA: Edge of Control HD,75,29.99,119.99,78.0,192.0
Carmageddon 2: Carpocalypse Now,80,7.19,35.99,84.0,259.0
Palindrome Syndrome: Escape Room,33,24.11,35.99,89.0,88.0
PGA TOUR 2K21,50,134.5,269.0,82.0,2241.0
Odd Realm,25,26.99,35.99,92.0,456.0
Ball 3D,50,1.79,3.59,90.0,664.0
Low Magic Age,60,21.59,53.99,91.0,1878.0
Europa Universalis IV: Collection,58,422.26,1010.28,85.0,64548.0
Evil Genius 2: World Domination,10,128.69,142.99,,
Seen,75,1.79,7.16,93.0,3224.0
Fe,75,17.47,69.9,89.0,114.0
Monster Jam Steel Titans 2,10,112.49,124.99,,
MX vs. ATV Supercross Encore,75,24.99,99.99,54.0,510.0
Content Pack - Europa Universalis IV: Mare Nostrum,50,10.99,21.99,36.0,46.0
Call of Juarez: Bound in Blood,75,9.97,39.9,84.0,1966.0
Metro Simulator,75,18.74,74.99,75.0,531.0
Partisans 1941,20,79.99,99.99,86.0,2375.0
Sakura Dungeon,70,21.59,71.99,91.0,1134.0
Pure Farming 2018,70,20.99,69.99,69.0,722.0
FortressCraft Evolved Complete Pack,81,44.1,230.94,73.0,2452.0
Dead State: Reanimated,75,17.99,71.99,74.0,1767.0
The Healthy Profits Bundle,61,44.08,111.98,77.0,1247.0
Carmageddon TDR 2000,80,3.59,17.99,75.0,181.0
Lumberjack's Dynasty,10,62.99,69.99,72.0,1066.0
Big Pharma,70,26.99,89.99,77.0,1214.0
OutDrive,45,6.04,10.99,78.0,3122.0
Lucy Got Problems,41,17.1,28.99,91.0,488.0
RUNNING WITH RIFLES: EDELWEISS,25,29.99,39.99,66.0,115.0
Aven Colony,75,26.99,107.99,74.0,1193.0
Dying Light Ultimate Collection,50,204.09,404.31,94.0,168554.0
This Is the Police 2,67,19.79,59.99,76.0,3411.0
Iron Danger Supporter Bundle,70,39.93,134.98,79.0,267.0
Hunt: Showdown - Live by the Blade,65,12.59,35.99,85.0,41.0
The Slater,87,7.01,53.99,74.0,435.0
Europa Universalis IV: Digital Extreme Edition Upgrade Pack,50,9.5,19.0,64.0,39.0
Content Pack - Europa Universalis IV: The Cossacks,50,14.49,28.99,52.0,25.0
Unity of Command II,50,53.99,107.99,81.0,816.0
Expansion - Europa Universalis IV: Res Publica,50,8.99,17.99,43.0,139.0
Deep Rock Galactic - MegaCorp Pack,35,18.84,28.99,94.0,134.0
Carmageddon Max Pack,80,7.19,35.99,83.0,287.0
Pinball FX3 - Balls of Glory Pinball,66,12.23,35.99,80.0,20.0
Dogfight 1942,80,7.19,35.99,76.0,401.0
Homefront¬Æ: The Revolution - The Guerrilla Care Package,60,7.19,17.99,,
Car Mechanic Simulator 2015 - Total Modifications,83,1.86,10.99,73.0,103.0
Europa Universalis IV: Pre-Order Pack,50,12.74,25.49,47.0,21.0
Door in the Woods,50,17.99,35.99,77.0,171.0
Dying Light - Ultimate Survivor Bundle,33,10.71,15.99,78.0,475.0
Charlie the Duck,33,17.07,25.49,73.0,15.0
Deep Rock Galactic: Deluxe Edition,42,97.09,165.97,97.0,62744.0
Car Mechanic Simulator 2015 - Performance DLC,90,1.79,17.99,88.0,125.0
Content Pack - Europa Universalis IV: El Dorado,50,10.99,21.99,58.0,39.0
Charlie II,33,29.47,43.99,,
Rise of Venice,70,21.59,71.99,59.0,270.0
Coffin of Ashes,50,12.74,25.49,93.0,498.0
Dying Light - Shu Warrior Bundle,33,7.36,10.99,90.0,164.0
Ancient Frontier,80,17.99,89.99,65.0,89.0
Broken Lines,50,44.99,89.99,78.0,427.0
FortressCraft Evolved!,80,9.39,46.99,73.0,2371.0
Arcanum: Of Steamworks and Magick Obscura,35,16.53,25.44,87.0,920.0
Jagged Alliance: Rage!,80,15.99,79.99,48.0,283.0
Sakura Succubus Bundle,53,67.64,143.96,85.0,387.0
Slain: Back from Hell,75,11.74,46.99,70.0,1259.0
Homefront¬Æ: The Revolution - The Revolutionary Spirit Pack,60,7.19,17.99,,
Frostpunk: Season Pass,30,88.17,125.97,60.0,2322.0
Gloria Victis - Official Soundtrack,60,13.99,34.99,92.0,14.0
Phantom Doctrine - Deluxe Edition,82,32.91,178.98,76.0,2548.0
The Long Journey Home,90,10.79,107.99,61.0,1067.0
Content Pack - Europa Universalis IV: Common Sense,50,10.99,21.99,58.0,62.0
Deep Rock Galactic - Original Soundtrack Volume I + II,35,23.39,35.99,96.0,99.0
Monster Jam Power Out Bundle,49,120.9,237.45,71.0,196.0
Legendary Knight - ÂÇ≥Â•áÈ®éÂ£´,50,10.99,21.99,95.0,63.0
Pathologic Classic HD,90,4.69,46.99,87.0,1689.0
Alien Rage - Unlimited,85,10.79,71.99,68.0,1093.0
Scarlett Mysteries: Cursed Child,70,10.79,35.99,86.0,126.0
Submerged,90,7.19,71.99,74.0,3459.0
BioShock Infinite,75,32.22,128.9,95.0,79312.0
Car Mechanic Simulator 2015 - Mercedes-Benz,90,2.19,21.99,83.0,48.0
È≠îÂ∏ù1 Magic Emperor1,17,27.38,32.99,,
Car Mechanic Simulator 2015 - Maserati,90,2.19,21.99,85.0,48.0
Immersion Pack - Europa Universalis IV: Rule Britannia,50,17.99,35.99,74.0,216.0
CryoFall Supporter Bundle,68,24.01,74.98,79.0,1987.0
Iron Danger Supporter Pack,50,17.49,34.99,,
Fated Kingdom,70,10.79,35.99,82.0,252.0
Frozenbyte Collection 2019,82,92.79,507.43,88.0,39038.0
Tiny Room Stories: Town Mystery,10,32.39,35.99,85.0,21.0
Car Mechanic Simulator 2015 - Car Stripping,50,1.79,3.59,74.0,110.0
Witch It,50,34.99,69.99,88.0,7227.0
Golf Peaks,50,8.99,17.99,94.0,152.0
Hunt: Showdown - Double or Nothing,65,10.14,28.99,80.0,94.0
Sakura Sadist,75,8.99,35.99,86.0,236.0
Ghoulboy - Dark Sword of Goblin,70,8.69,28.99,82.0,87.0
Business tour. Crazy Heroes: Rainbow mercenary,90,2.89,28.99,,
Content Pack - Europa Universalis IV: Emperor,50,10.99,21.99,56.0,37.0
Content Pack - Europa Universalis IV: Cradle of Civilization,50,14.49,28.99,42.0,21.0
Survivalist Bundle,50,21.58,43.48,84.0,3242.0
Dying Light - Harran Ranger Bundle,33,6.69,9.99,90.0,238.0
League of Maidens¬Æ Ultimate Edition,10,97.19,107.99,58.0,34.0
Balrum,75,12.49,49.99,76.0,424.0
Homefront¬Æ: The Revolution - The Combat Stimulant Pack,60,4.39,10.99,,
Homefront¬Æ: The Revolution - The Liberty Pack,60,4.39,10.99,,
Sanator: Scarlet Scarf MAGISTER EDITION,72,20.27,72.47,90.0,200.0
Iron Danger,75,24.99,99.99,79.0,267.0
Dying Light - Rais Elite Bundle,33,7.36,10.99,90.0,84.0
Sea of Solitude,70,20.97,69.9,87.0,434.0
Dying Light - Vintage Gunslinger Bundle,33,6.69,9.99,87.0,123.0
Artifact Adventure Gaiden,80,7.19,35.99,84.0,39.0
City of the Shroud,90,7.19,71.99,,
MotoGP‚Ñ¢14,80,7.19,35.99,52.0,341.0
Rime Berta,80,10.79,53.99,70.0,85.0
Dying Light: Season Pass,66,33.99,99.99,70.0,489.0
The Architect: Paris,15,55.16,64.9,80.0,70.0
Xpand Rally,80,3.19,15.99,77.0,240.0
The Chronicles of Nyanya,75,12.49,49.99,96.0,60.0
Content Pack - Europa Universalis IV: Dharma,50,14.49,28.99,64.0,14.0
Color Symphony 2,81,6.83,35.99,86.0,38.0
Europa Universalis IV: Native Americans Unit Pack,50,3.59,7.19,42.0,26.0
Little Big Workshop,33,53.59,79.99,87.0,1595.0
The Quest - Islands of Ice and Fire,50,12.74,25.49,,
"BEARS, VODKA, BALALAIKA! üêª",25,5.39,7.19,90.0,1317.0
Wreckfest - Retro Rammers Car Pack,40,9.59,15.99,90.0,31.0
Shine's Adventures 2 (Zombie Attack),40,6.59,10.99,95.0,92.0
Gloria Victis - Supporter Bundle,58,59.33,140.97,70.0,4324.0
Car Mechanic Simulator 2015 - DeLorean,87,1.88,14.49,92.0,67.0
Dying Light - Harran Inmate Bundle,33,7.36,10.99,97.0,38.0
Russian Life Simulator,50,1.79,3.59,91.0,3153.0
MXGP - The Official Motocross Videogame Compact,70,5.39,17.99,73.0,124.0
Dying Light - 5th Anniversary Bundle,33,7.36,10.99,90.0,66.0
Deep Rock Galactic - Dark Future Pack,35,18.84,28.99,91.0,154.0
Car Mechanic Simulator 2015 - PickUp & SUV,83,1.86,10.99,91.0,101.0
Homefront: The Rock Map Pack,50,5.49,10.99,,
Car Mechanic Simulator 2015 - Visual Tuning,75,1.79,7.19,,
Love Esquire - RPG/Dating Sim/Visual Novel,25,67.49,89.99,91.0,688.0
Content Pack - Europa Universalis IV: Rights of Man,50,10.99,21.99,60.0,20.0
PRINCIPIA: Master of Science,70,10.79,35.99,71.0,211.0
Sexy Jigsaw | ÊÄßÊÑüÊãºÂõæ | ÏÑπÏãú ÌçºÏ¶ê | „Çª„ÇØ„Ç∑„Éº„Å™„Éë„Ç∫„É´,50,7.24,14.49,84.0,158.0
Starpoint Gemini 2: Collector's Upgrade,60,10.19,25.49,,
Car Mechanic Simulator 2015 - Trader Pack,87,1.88,14.49,92.0,91.0
Europa Universalis IV: Colonial British and French Unit pack,50,3.59,7.19,56.0,16.0
Europa Universalis IV: Republican Music Pack,50,3.59,7.19,65.0,26.0
Aperture Tag: The Paint Gun Testing Initiative,80,3.59,17.99,80.0,4147.0
ONWARD into SUPERHOT SUNSHINE,41,189.39,322.97,82.0,15810.0
Coming Out on Top,40,32.39,53.99,95.0,905.0
RUNNING WITH RIFLES: PACIFIC,80,7.19,35.99,70.0,203.0
Strategic Mind: The Pacific,40,64.79,107.99,76.0,412.0
Cally's Caves 3,80,5.09,25.49,82.0,299.0
Monster Jam Steel Titans - Fire & Ice Truck Bundle,75,3.62,14.49,,
Bright Memory,20,28.79,35.99,92.0,24061.0
Car Mechanic Simulator 2014,90,2.54,25.49,81.0,3594.0
Hadean Tactics,15,55.24,64.99,94.0,37.0
Homefront¬Æ: The Revolution - The Wing Skull Pack,60,4.39,10.99,,
Homefront: Fire Sale Map,60,4.39,10.99,54.0,11.0
Viking Story,40,2.15,3.59,94.0,17.0
Desktop Farm,20,5.75,7.19,79.0,397.0
Adventure Bit,40,4.31,7.19,,
Survivor Dieland,40,4.31,7.19,94.0,57.0
Call to Arms - Season Pass,75,26.99,107.99,60.0,25.0
Labyronia Elements,75,8.99,35.99,75.0,16.0
Call to Arms - Upgrade to Ultimate Edition,75,35.74,142.99,73.0,100.0
This Is the Police Bundle,74,29.05,109.98,81.0,10284.0
This Is the Police,75,12.49,49.99,83.0,6873.0
Pretty Angel,40,2.15,3.59,93.0,2073.0
Phantom Doctrine - Deluxe Edition Upgrade,80,7.19,35.99,,
Escape The Ordinary: Tales of Romina Manor,40,2.15,3.59,,
Back to Bed,90,2.19,21.99,76.0,371.0
Pretty Neko,40,2.15,3.59,94.0,1619.0
CryoFall - Supporter Pack,40,8.99,14.99,93.0,15.0
Music - Europa Universalis IV: The Rus Awakening,50,3.59,7.19,80.0,15.0
Xpand Rally Xtreme,80,3.19,15.99,75.0,152.0
ShadowSide,90,3.59,35.99,66.0,228.0
Blame Him,90,5.39,53.99,50.0,75.0
Hero of the Kingdom: The Lost Tales 1,75,4.49,17.99,91.0,563.0
Deep Rock Galactic - Supporter Upgrade,35,35.09,53.99,98.0,462.0
Vaporwave World,50,5.49,10.99,,
PhysDrive,50,1.79,3.59,41.0,77.0
Xpand Rally Bundle,82,5.74,31.98,76.0,391.0
VCB: Why City 4k,89,1.79,16.66,84.0,591.0
Caves of Qud,10,48.59,53.99,95.0,3265.0
God's Triggers O.M.G. Extras,65,6.29,17.99,,
LiEat Rearrange Soundtrack,30,7.69,10.99,,
Deep Rock Galactic: Dwarven Legacy,45,171.33,313.93,97.0,63574.0
Starpoint Gemini 2 Gold Pack,80,29.99,149.99,70.0,2929.0
Suzerain,20,43.19,53.99,94.0,1500.0
RIDE,80,14.39,71.99,76.0,1463.0
Rebel Cops & This Is the Police Bundle,69,47.04,149.97,81.0,11131.0
Agatha Christie - The ABC Murders,85,8.09,53.99,80.0,921.0
CryoFall,70,17.99,59.99,79.0,1972.0
Road Redemption - Revengers Assemble,65,6.29,17.99,87.0,32.0
Desktop Ricardo,50,1.79,3.59,97.0,501.0
Nova Odessa,75,4.49,17.99,,
Hot Brass,20,43.19,53.99,75.0,78.0
Play With Me: Escape room,74,2.85,10.99,67.0,160.0
Rebel Cops,50,19.99,39.99,77.0,847.0
The Traditional Roguelikes Bundle,17,173.44,209.45,94.0,9289.0
Europa Universalis IV: Sabaton Soundtrack,50,5.49,10.99,96.0,226.0
Atomik: RunGunJumpGun,90,2.89,28.99,88.0,220.0
BalanCity,90,2.89,28.99,82.0,410.0
Evil Maze - The Enemy of Abyss,50,5.49,10.99,,
Monster Jam Steel Titans - Bakugan Dragonoid Truck,75,2.24,8.99,,
Monster Jam Steel Titans - Gold Truck Bundle,75,2.24,8.99,,
OctoFurry,60,2.87,7.19,91.0,60.0
Dwarrows,33,72.35,107.99,81.0,59.0
Reveal The Deep,50,1.79,3.59,84.0,1290.0
Gloria Victis - Supporter Pack,30,25.19,35.99,100.0,11.0
League of Maidens¬Æ Standard Edition,10,48.59,53.99,,
Deep Rock Galactic - Roughneck Pack,35,18.84,28.99,98.0,158.0
Dying Light - Volatile Hunter Bundle,33,6.69,9.99,86.0,246.0
Save daddy trump 2: The Final Triumph,75,1.79,7.19,89.0,38.0
Vaporum,60,28.79,71.99,89.0,592.0
DEEEER Simulator,25,35.24,46.99,89.0,1209.0
Press X to Not Die: Special Edition,69,4.57,14.58,91.0,2731.0
Mambo Wave,50,3.59,7.19,100.0,14.0
Starpoint Gemini 2: Secrets of Aethera,80,3.59,17.99,61.0,26.0
Starpoint Gemini 2: Titans,80,3.59,17.99,50.0,14.0
Congo,80,3.59,17.99,58.0,98.0
HellSign,10,64.79,71.99,74.0,1367.0
Angels of Death,40,21.59,35.99,93.0,2877.0
One Finger Death Punch 2,75,7.24,28.99,97.0,2879.0
Homefront: Express 870 Shotgun,50,1.79,3.59,87.0,32.0
Trine 2: Complete Story,75,17.99,71.99,95.0,13217.0
INFRA,70,32.39,107.99,88.0,1284.0
Vaporum Loyalty Bundle,51,66.85,136.98,88.0,712.0
Bus Driver Simulator - Hungarian Legend,75,1.99,7.99,89.0,39.0
Arkham Horror: Mother's Embrace,20,57.59,71.99,,
Sakura Succubus 3,35,23.39,35.99,91.0,60.0
Unity of Command II + DLC + Soundtrack,46,97.17,179.97,81.0,853.0
Dogfight 1942 Fire Over Africa,65,3.84,10.99,,
Dogfight 1942 Russia Under Siege,65,3.84,10.99,100.0,10.0
The Warriorlock,90,3.59,35.99,75.0,16.0
BioShock‚Ñ¢ 2 Remastered,67,28.34,85.9,63.0,9763.0
Super Trench Attack!,90,1.79,17.99,91.0,1046.0
Sakura Succubus,55,16.19,35.99,80.0,208.0
Europa Universalis IV: Muslim Ships Unit Pack,50,3.59,7.19,,
Europa Universalis IV: Muslim Advisor Portraits,50,3.59,7.19,52.0,34.0
Europa Universalis IV: National Monuments II,50,3.59,7.19,32.0,56.0
Europa Universalis IV: Trade Nations Unit Pack,50,3.59,7.19,65.0,20.0
Starpoint Gemini 3,55,53.99,119.99,56.0,486.0
Europa Universalis IV: Native Americans II Unit Pack,50,3.59,7.19,53.0,13.0
Little Big Workshop - The Evil DLC,20,31.99,39.99,50.0,24.0
Road Redemption,65,25.19,71.99,81.0,7170.0
Hacknet,80,7.19,35.99,93.0,10887.0
Europa Universalis IV: Wealth of Nations Content Pack,57,6.24,14.38,62.0,29.0
üòã Russian Flex Pack üòã,63,2.68,7.18,91.0,3651.0
City of Brass,90,7.19,71.99,80.0,517.0
Escape Room Bundle,36,45.99,71.98,91.0,118.0
Just Hero,50,1.79,3.59,62.0,67.0
Aven Colony - Cerulean Vale,75,2.74,10.99,58.0,17.0
Lumberjack's Dynasty - Digital Supporter Edition,17,76.16,91.98,72.0,1064.0
Valfaris,50,44.99,89.99,91.0,797.0
Hiveswap Friendsim,50,1.79,3.59,94.0,988.0
Foodie Bear,75,1.79,7.19,,
Tales of the Neon Sea,65,21.34,60.99,82.0,1067.0
Flatland: Prologue,50,1.79,3.59,,
The Protagonist: EX-1,10,42.29,46.99,,
Aground,25,40.49,53.99,95.0,784.0
A-Tech Cybernetic VR Tylko VR,80,14.39,71.99,70.0,422.0
Sakura Succubus 2,50,17.99,35.99,89.0,109.0
Path of Sin: Greed,70,10.79,35.99,84.0,66.0
Europa Universalis IV: El Dorado Collection,55,34.18,75.98,69.0,356.0
Chronology,90,1.79,17.99,90.0,264.0
Call to Arms - Deluxe Edition upgrade,75,13.49,53.99,77.0,75.0
Knights of Pen and Paper 2,75,7.24,28.99,88.0,1633.0
Minicraft Shooter,40,2.15,3.59,,
Cultures - Northland,90,1.79,17.99,81.0,352.0
Vindictive Drive,80,2.19,10.99,81.0,11.0
30 days to survive,90,2.19,21.99,86.0,76.0
Sanator: Scarlet Scarf,60,14.39,35.99,89.0,199.0
Alice's Patchworks 2,90,1.79,17.99,79.0,79.0
Energy Cycle,80,2.19,10.99,78.0,50.0
Dying Light - Gun Psycho Bundle,33,6.69,9.99,86.0,134.0
Survivalist: Invisible Strain,20,20.39,25.49,89.0,1287.0
The Quest,50,17.99,35.99,86.0,350.0
Dying Light - Godfather Bundle,33,7.36,10.99,77.0,59.0
Charlie Collection,46,56.53,105.47,73.0,19.0
Yooka-Laylee and the Impossible Lair,60,43.19,107.99,91.0,377.0
Skullgirls 2nd Encore,60,36.0,89.99,95.0,14123.0
Retro Snake,75,1.79,7.19,50.0,16.0
rooMaze,75,1.79,7.19,66.0,117.0
SACRALITH : The Archer`s Tale Tylko VR,50,35.99,71.99,86.0,200.0
RunGunJumpGun - Soundtrack/Special Edition Upgrade,75,1.79,7.19,,
Civil War: Battle of Petersburg,50,1.79,3.59,74.0,82.0
Alcatraz Builder,90,1.79,17.99,,
Salvage Op Tylko VR,50,1.79,3.59,,
FortressCraft Evolved: Frozen Factory Expansion,75,13.49,53.99,84.0,46.0
Constricting Cubes Obs≈Çuga VR,50,1.79,3.59,,
2D Neon Cube,87,1.88,14.49,67.0,64.0
She Sees Red - Interactive Movie,70,8.69,28.97,79.0,1775.0
Entry Team Bundle,27,92.14,125.98,94.0,6835.0
Bus Driver Simulator - Soviet Legend,75,1.99,7.99,100.0,14.0
Bus Driver Simulator - Old Legend,75,1.99,7.99,,
Figment,90,7.19,71.99,86.0,397.0
Rogue Empire: Dungeon Crawler RPG,20,43.19,53.99,85.0,240.0
Endless Fables 2: Frozen Path,70,10.79,35.99,91.0,73.0
School Owner,67,23.75,71.99,30.0,43.0
BioShock Infinite - Season Pass,50,42.95,85.9,91.0,534.0
BioShock 2: Minerva's Den Remastered,67,14.15,42.9,88.0,349.0
3D Hardcore Cube,83,1.86,10.99,54.0,81.0
Dying Light - The Bozak Horde,33,20.09,29.99,54.0,904.0
Gothic Girls Soundtrack,75,1.79,7.19,,
Good puzzle,75,1.79,7.19,100.0,10.0
BOOKS,50,1.79,3.59,65.0,95.0
"Hamlet or the Last Game without MMORPG Features, Shaders ...",90,1.79,17.99,66.0,270.0
Dying Light - White Death Bundle,33,6.69,9.99,67.0,56.0
Lumberjack's Dynasty - Digital Supporter Pack,10,19.79,21.99,,
Lovely Fox,50,1.79,3.59,76.0,26.0
Ballex,25,10.86,14.49,91.0,271.0
Niche - a genetics survival game,50,32.49,64.99,89.0,3179.0
Space Pirates And Zombies 2 Obs≈Çuga VR,50,35.99,71.99,79.0,2464.0
The Quest Deluxe Edition,56,29.95,68.67,87.0,361.0
CINERIS SOMNIA,70,16.19,53.99,84.0,108.0
Biker Garage: Mechanic Simulator,65,31.49,89.99,72.0,301.0
Desktop Kanojo,30,7.69,10.99,89.0,932.0
1979 Revolution: Black Friday,65,12.59,35.99,76.0,895.0
Press X to Not Die - Special Edition Content,50,1.79,3.59,78.0,78.0
Pinball FX3 - Marvel Pinball: Heavy Hitters,50,17.99,35.99,,
FortressCraft Evolved: Adventures Pack,70,16.19,53.99,,
Momodora: Reverie Under The Moonlight,60,14.39,35.99,94.0,7262.0
Lucy Got Problems EXTRA,44,20.64,36.98,91.0,498.0
Room to Grow,20,28.79,35.99,100.0,26.0
Aery - A Journey Beyond Time,20,28.79,35.99,100.0,34.0
Croixleur Sigma - Deluxe Edition,60,28.79,71.99,79.0,69.0
Yooka-Laylee,80,28.59,142.99,79.0,2047.0
TSIOQUE,45,27.49,49.99,96.0,478.0
NECROPOLIS: BRUTAL EDITION,75,26.99,107.99,64.0,3529.0
Yooka-Laylee: Buddy Duo Bundle,76,61.01,250.98,81.0,2424.0
Immortal Planet,50,26.99,53.99,86.0,150.0
Sheltered,75,13.49,53.99,80.0,4241.0
1bitHeart,50,5.49,10.99,92.0,523.0
Pesterquest,40,26.39,43.99,94.0,854.0
Rise of Insanity Obs≈Çuga VR,71,8.69,29.99,78.0,622.0
Mad Father,20,28.79,35.99,96.0,2362.0
Splody,50,12.74,25.49,92.0,67.0
Dragon Cliff,66,12.23,35.99,89.0,4461.0
Tested on Humans: Escape Room,25,26.99,35.99,96.0,30.0
One Finger Death Punch,80,3.59,17.99,98.0,11979.0
Starpoint Gemini 2,80,24.99,124.99,70.0,2884.0
Jagged Alliance Collector's Bundle,75,29.99,119.99,68.0,908.0
ElectricVLab,25,32.99,43.99,86.0,37.0
Sakura Knight 3,50,17.99,35.99,85.0,20.0
Monster Slayers,75,8.24,32.99,80.0,631.0
The SPAZ Collection,55,48.58,107.98,84.0,4398.0
Grim Legends 2: Song of the Dark Swan,70,10.79,35.99,97.0,583.0
Dogfight 1942 Complete Pack,82,10.26,57.97,77.0,419.0
Phantasmagoria,35,27.57,42.43,87.0,102.0
Niko: Through The Dream,70,10.79,35.99,77.0,123.0
Nightmares from the Deep: The Cursed Heart,70,10.79,35.99,90.0,704.0
Domino Simulator 2020,40,21.59,35.99,84.0,39.0
Sakura Fantasy,80,7.19,35.99,90.0,703.0
Let's Journey,30,27.99,39.99,92.0,13.0
Sakura Fox Adventure,75,8.99,35.99,87.0,66.0
Hearts of Iron 2 Complete,75,13.49,53.99,83.0,344.0
Angels of Death Episode.Eddie,20,20.39,25.49,91.0,179.0
MX vs. ATV Unleashed,75,9.99,39.99,70.0,326.0
The Stronghold Collection,70,25.49,84.99,87.0,2185.0
Death Park 2,15,18.69,21.99,85.0,20.0
Over the Dream,85,2.17,14.49,92.0,1592.0
Astebreed: Definitive Edition,75,17.99,71.99,88.0,1044.0
Cattails Original Soundtrack & Deluxe Content,75,12.74,50.99,,
PLANET ALPHA,75,17.99,71.99,79.0,362.0
Hakoniwa Explorer Plus,50,17.99,35.99,85.0,328.0
Ghost Files 2: Memory of a Crime,70,10.79,35.99,74.0,47.0
Sakura Knight 2,65,12.59,35.99,83.0,24.0
Horror Squad,15,15.29,17.99,63.0,73.0
StrikeForce Kitty,80,5.79,28.99,86.0,188.0
Team17 Sci-Fi Strategy Pack,39,208.76,341.96,73.0,3080.0
Retro Classix: Heavy Barrel,33,17.07,25.49,,
Retro Classix: Bad Dudes,33,17.07,25.49,,
Charlie II - Expansion Pack,33,24.11,35.99,,
Hacknet - Complete Edition,67,20.23,61.48,93.0,11391.0
Sword Legacy: Omen,75,16.24,64.99,73.0,259.0
Morph Space,10,16.19,17.99,,
Killing Room,50,14.99,29.99,71.0,997.0
MX vs. ATV Reflex,75,14.99,59.99,84.0,1801.0
Microcosmum: survival of cells,50,14.49,28.99,80.0,859.0
Homefront: The Revolution - Beyond the Walls,80,9.39,46.99,81.0,110.0
Jigsaw Puzzle Pack - Pixel Puzzles Ultimate: Variety Pack 11,64,15.83,43.99,,
ColdSide,50,14.49,28.99,79.0,168.0
Dwarf Shop,50,17.99,35.99,69.0,56.0
The Stillness of the Wind,70,14.09,46.99,79.0,443.0
Soviet Theory + Zen Practice Chess Bundle,16,18.08,21.54,90.0,326.0
Unity of Command II Soundtrack,50,17.99,35.99,,
Headsnatchers,75,13.49,53.99,72.0,80.0
LiEat,60,4.39,10.99,97.0,3054.0
Jagged Alliance Flashback,75,14.99,59.99,34.0,390.0
Alicemare,60,4.39,10.99,88.0,661.0
Monster Slayers - Fire and Steel Expansion,75,4.49,17.99,68.0,16.0
Unity of Command Trilogy Bundle,67,17.81,53.99,79.0,691.0
Shower With Your Dad Simulator 2015: Do You Still Shower With Your Dad,30,2.51,3.59,95.0,6767.0
HALF DEAD 2,30,12.59,17.99,85.0,1542.0
RootLetter - Deluxe Pack,83,15.7,89.98,81.0,382.0
Phantasmagoria 2: A Puzzle of Flesh,35,16.53,25.44,87.0,58.0
Zen Chess Series,25,16.07,21.54,85.0,255.0
FortressCraft Evolved Dapper Indie Supporter's Pack,75,4.49,17.99,95.0,20.0
Despotism 3k,60,11.59,28.99,85.0,536.0
Content Pack - Europa Universalis IV: Mandate of Heaven,50,14.49,28.99,50.0,32.0
Battle Worlds: Kronos,75,14.99,59.99,65.0,204.0
Jagged Alliance - Back in Action,75,14.99,59.99,69.0,743.0
Misao: Definitive Edition,30,12.59,17.99,97.0,815.0
Avencast: Rise of the Mage,90,3.59,35.99,74.0,209.0
One Way Heroics + Plus Edition,73,9.85,36.48,94.0,3324.0
AEON BLOOD,65,12.59,35.99,40.0,10.0
FortressCraft Evolved: Skin Pack #2,80,5.79,28.99,,
RIDE - 2015 Top Bikes Pack 2,75,5.49,21.99,70.0,10.0
Clocker Èì∏Êó∂Âå†,75,10.99,43.99,89.0,95.0
Card Hog,25,10.86,14.49,99.0,209.0
FortressCraft Evolved: Skin Pack #1,80,5.79,28.99,,
Mitsurugi Kamui Hikae,70,10.79,35.99,81.0,2492.0
The Ankh Pack,80,13.49,67.49,58.0,68.0
Combat Wings,70,5.39,17.99,83.0,30.0
Reverse Crawl,75,5.49,21.99,88.0,313.0
One Way Heroics Plus,70,7.12,23.74,98.0,120.0
Dark Deception Chapter 2,50,12.21,24.42,91.0,183.0
Dark Deception Chapter 3,50,12.21,24.42,91.0,112.0
RIDE - 2015 Top Bikes Pack 1,75,5.49,21.99,54.0,11.0
Left Alone,80,5.09,25.49,74.0,413.0
StarsOne,66,12.23,35.99,76.0,441.0
Portal of Evil Bundle,67,11.86,35.98,90.0,218.0
Lucy Got Problems - Artbook and Wallpapers (Silver Edition),10,7.19,7.99,80.0,10.0
Dying Light - Crash Test Skin Bundle,33,4.01,5.99,83.0,154.0
Stigmatized Property | ‰∫ãÊïÖÁâ©‰ª∂,10,9.89,10.99,82.0,451.0
Plantera,55,4.94,10.99,87.0,3526.0
Investigator,50,8.99,17.99,72.0,711.0
Sakura Cupid,75,8.99,35.99,90.0,175.0
Sakura Gamer 2,70,10.79,35.99,92.0,50.0
Post Void,20,8.79,10.99,98.0,3227.0
EXIT,66,8.66,25.49,90.0,11.0
Twin-stick hell games pack,90,10.72,112.46,,
Star Sky,80,2.89,14.49,80.0,178.0
City of Brass + Soundtrack,88,10.78,89.98,79.0,521.0
Demon Hunter 4: Riddles of Light,70,10.79,35.99,55.0,49.0
Lost Grimoires 3: The Forgotten Well,70,10.79,35.99,82.0,51.0
FreakOut: Extreme Freeride,80,7.99,39.99,76.0,42.0
Britannic,30,7.69,10.99,77.0,68.0
Milk inside a bag of milk inside a bag of milk,30,2.51,3.59,97.0,1037.0
HALF DEAD COMPLETE BUNDLE,37,15.66,24.98,80.0,4078.0
Vertical Strike Endless Challenge,60,7.19,17.99,77.0,153.0
Think of the Children,80,7.19,35.99,65.0,70.0
Jigsaw Puzzle Pack - Pixel Puzzles Ultimate: Cheregi,75,8.24,32.99,,
Jagged Alliance 1: Gold Edition,75,9.99,39.99,92.0,103.0
Inner Voices,70,10.49,34.99,50.0,36.0
Rosenkreuzstilette,80,7.19,35.99,78.0,264.0
Delete,30,5.03,7.19,96.0,777.0
Streamer's Life,50,10.0,20.0,74.0,115.0
Sakura Santa,75,8.99,35.99,89.0,401.0
Nightmares from the Deep Collection,36,68.7,107.97,93.0,1476.0
Super Mutant Alien Assault,80,7.19,35.99,95.0,68.0
‚ùÇ Hexaluga ‚ùÇ Weapon and Shield ‚òØ,80,7.19,35.99,46.0,13.0
Sid Meier's Covert Action (Classic),70,7.64,25.49,91.0,85.0
The Bedtime Bundle,92,8.93,111.97,84.0,1032.0
Super Jigsaw Puzzle: Generations - United Kingdom,20,14.39,17.99,,
Culpa Innata,80,8.99,44.99,76.0,77.0
Puzzle - LINES AND KNOTS,55,8.09,17.99,88.0,189.0
The Legacy: Prisoner,65,8.92,25.49,87.0,31.0
Battle Riders,80,3.59,17.99,78.0,70.0
Sakura MMO 3,75,8.99,35.99,96.0,86.0
Survivalist,80,3.59,17.99,80.0,1955.0
Zen Chess: Mate in Two,40,2.15,3.59,85.0,34.0
Mars Power Industries Deluxe,55,6.52,14.49,94.0,233.0
Sakura Gamer,75,8.99,35.99,89.0,236.0
Zombie Simulator,10,3.23,3.59,64.0,17.0
The Sun and Moon,75,6.37,25.49,83.0,67.0
Hyper Knights,66,6.11,17.99,88.0,545.0
pear potionüçê,15,6.11,7.19,100.0,12.0
MiniGolf,20,6.4,8.0,42.0,14.0
RIDE: Yamaha 2015 Bike Models,75,3.62,14.49,73.0,15.0
Yet Another Zombie Defense HD,82,1.79,9.99,82.0,1272.0
A Healer Only Lives Twice,70,5.39,17.99,81.0,133.0
Crime Cities,60,5.79,14.49,81.0,11.0
Dragonsphere,75,6.37,25.49,82.0,17.0
Bus Driver Simulator - Modern City Bus,75,3.24,12.99,91.0,12.0
A Long Road Home,50,3.59,7.19,94.0,17.0
Pony's Games Box,41,6.41,10.78,95.0,1062.0
AGON - The Lost Sword of Toledo,90,3.59,35.99,,
The Mims Beginning,77,6.89,29.99,66.0,132.0
Combat Wings: Battle of Britain,70,5.39,17.99,80.0,407.0
ATV Drift & Tricks,90,5.39,53.99,68.0,32.0
Meridian: New World,80,5.09,25.49,50.0,299.0
Mystic Saga,90,1.79,17.99,48.0,79.0
Tropical Air Hockey Tylko VR,60,5.79,14.49,77.0,22.0
Katy and Bob: Cake Caf√©,90,5.39,53.99,84.0,25.0
Booobjz,20,2.87,3.59,100.0,14.0
NVL,75,1.79,7.19,64.0,159.0
Fallen Cube,50,1.79,3.59,,
The Walking Zombie: Dead City,50,5.49,10.99,74.0,291.0
OSK - The End of Time,90,1.79,17.99,63.0,46.0
Survive or Thrive,20,5.75,7.19,98.0,134.0
Blueprint Tycoon,75,2.74,10.99,81.0,939.0
Oh My Gore!,75,1.79,7.19,86.0,259.0
BloodNet,75,6.37,25.49,54.0,22.0
Wall Force,25,5.39,7.19,,
Root Letter - Artbook,67,5.93,17.99,,
My Cute Dictators,63,5.38,14.38,88.0,391.0
Caligo,80,4.39,21.99,75.0,784.0
Tentacle Girl,40,4.31,7.19,90.0,741.0
Breaking Good,35,4.67,7.19,86.0,29.0
Shadowgrounds,80,5.09,25.49,80.0,1034.0
One Way Heroics,70,3.82,12.74,94.0,3204.0
BitMaster,83,1.86,10.99,66.0,65.0
Switch 'N' Shoot,75,3.62,14.49,96.0,66.0
Hyposphere,83,1.86,10.99,25.0,36.0
Legendary,80,3.59,17.99,54.0,1789.0
Incandescent,50,1.79,3.59,77.0,68.0
Legend of Himari,50,1.79,3.59,89.0,145.0
Murasaki,80,3.59,17.99,93.0,79.0
Cooking Trip: Back on the road,90,3.59,35.99,,
Retro,90,1.79,17.99,,
Reversion - The Meeting (2nd Chapter),75,4.49,17.99,76.0,68.0
Pyrite Heart,75,4.49,17.99,66.0,234.0
MEMENTO,80,4.39,21.99,68.0,35.0
Dear RED - Extended,80,2.19,10.99,58.0,75.0
City of Brass - OST,80,3.59,17.99,,
Hero of the Kingdom Collection,22,82.31,104.96,92.0,5622.0
AGON - The Mysterious Codex (Trilogy),90,3.59,35.99,66.0,18.0
Sonya: The Great Adventure,78,4.18,19.0,73.0,95.0
Caravan,90,3.59,35.99,78.0,459.0
Awareness Rooms,80,3.59,17.99,80.0,308.0
Trump vs Biden: Infinity war,50,1.79,3.59,91.0,159.0
Press X to Not Die,70,3.29,10.99,91.0,2653.0
Liberty Prime,90,3.59,35.99,37.0,83.0
Sakuya Izayoi Gives You Advice And Dabs,10,3.23,3.59,98.0,838.0
Pure Farming 2018 - Lindner Geotrac 134ep,50,3.59,7.19,,
Pure Farming 2018 - Landini REX-F,50,3.59,7.19,,
AlienSurvival,85,3.29,21.99,,
I am Weapon: Revival,80,11.59,57.99,,
Star Sky 2,80,2.89,14.49,86.0,38.0
LEGIE,50,3.59,7.19,86.0,30.0
Final Directive,51,3.52,7.19,86.0,83.0
Destroy The Cubes - Minimalist Puzzle,30,2.51,3.59,100.0,11.0
Y.E.T.I,10,3.23,3.59,,
Paul's World,60,2.87,7.19,86.0,15.0
Hyper Knights Collection,78,7.76,35.98,85.0,607.0
Hyper Knights: Battles,80,3.59,17.99,58.0,62.0
ANARCHY,45,1.97,3.59,,
Arktrum,90,2.89,28.99,,
Oozi: Earth Adventure,85,1.87,12.49,88.0,611.0
Enemy Front Multiplayer Map Pack,80,3.59,17.99,66.0,24.0
Rambunny,40,2.15,3.59,,
Lighthouse Keeper,30,2.51,3.59,83.0,31.0
Highway of death,75,1.79,7.19,72.0,18.0
Deadly Traps,40,2.15,3.59,,
Visiting a celebrity,30,2.51,3.59,93.0,15.0
JDM Tuner Racing,74,2.85,10.99,53.0,93.0
Pixel Traffic: Circle Rush,75,1.79,7.19,81.0,65.0
WARPZONE DRIFTER,50,1.79,3.59,83.0,67.0
LesLove.Club: Emily and Sarah,40,2.15,3.59,79.0,29.0
Task is to Survive,87,1.88,14.49,41.0,36.0
The soldier in the mine,83,1.86,10.99,54.0,51.0
LineWay,30,2.51,3.59,92.0,285.0
Royal Casino: Video Poker,83,1.86,10.99,85.0,78.0
Bus Driver Simulator - Tourist,75,1.99,7.99,91.0,12.0
Cube Worlds Survival,40,2.15,3.59,50.0,14.0
Romguns,75,1.79,7.19,,
Crab Dub,83,1.86,10.99,84.0,33.0
Space War: Infinity,50,1.79,3.59,92.0,54.0
Football Russian 20!8,75,1.79,7.19,81.0,43.0
Ashes of the Night,75,1.79,7.19,89.0,28.0
Daedalic Artist Selection Bundle,72,134.32,471.92,84.0,7794.0
ConflictCraft,50,1.79,3.59,83.0,184.0
Bus Driver Simulator - European Minibus,77,1.83,7.99,100.0,14.0
Hollywood Hero,83,1.86,10.99,,
Dark Fantasy Warriors,75,1.79,7.19,75.0,20.0
Hentai Bad Girls - Soundtrack,75,1.79,7.19,,
Stay or Leave / ÁïôÁ¶ª,50,1.79,3.59,80.0,21.0
Insecticide Part 1,83,1.86,10.99,75.0,332.0
Wizodd,90,1.79,17.99,91.0,12.0
My Strange Girlfriends Soundtrack,75,1.79,7.19,,
Citalis,75,1.79,7.19,54.0,79.0
Ice Cream Fantasy,50,1.79,3.59,,
ZeroZone2020,50,1.79,3.59,79.0,34.0
UBERMOSH Vol.7,90,1.79,17.99,88.0,123.0
ÂÜíÈô©Êùë‰º†ËØ¥ÔºàTales of LegendsÔºâ,75,1.79,7.19,46.0,26.0
Zball IV,75,1.79,7.19,,
Reading Simulator,50,1.79,3.59,64.0,45.0
I saw IT,50,1.79,3.59,24.0,29.0
Guns n Zombies,80,5.79,28.99,68.0,774.0
IN-VERT: Soundtrack,50,3.59,7.19,,
Hungry Boy,75,1.79,7.19,,
Diib's Dilemma,75,1.79,7.19,82.0,23.0
Twisty's Asylum Escapades,90,1.79,17.99,50.0,36.0
SkyTime,50,1.79,3.59,53.0,65.0
Dinosaur Forest,75,1.79,7.19,56.0,516.0
Write word,50,1.79,3.59,80.0,10.0
God Hates Us,75,1.79,7.19,,
Suits: A Business RPG,50,1.79,3.59,89.0,684.0
Make it indie!,50,1.79,3.59,51.0,369.0
Cultures - 8th Wonder of the World,90,1.79,17.99,80.0,271.0
CCCP CALLS!,50,1.79,3.59,54.0,131.0
Egypt Picross Pharaohs Riddles,90,1.79,17.99,,
Portal of Evil: Stolen Runes Soundtrack,90,1.79,17.99,,
The young mathematician: Easy difficulty,75,1.79,7.19,81.0,22.0
Thanksgiving Day Mosaic,90,1.79,17.99,91.0,12.0
Chronicles of the Witches and Warlocks,90,1.79,17.99,63.0,66.0
Sit on bottle,90,1.79,17.99,60.0,20.0
Fairytale Solitaire. Witch Charms,90,1.79,17.99,,
Farnham Fables,50,1.79,3.59,72.0,149.0
Link the Animals,33,2.4,3.59,,
Pure Farming 2018 - Special Outfit Pack,50,1.79,3.59,,
Monster Slayers - Advanced Classes Unlocker,75,1.79,7.19,,
Defend Your Life: TD,50,6.49,12.99,82.0,533.0
‰∏úÊñπÂçéÂΩ©‰π±Êàò2 - Ê∏∏ÊàèÊú¨‰Ωì+OSTÂéüÂ£∞Èü≥‰πêÈõÜÊâìÂåÖ,20,26.3,33.0,95.0,783.0
Khud0-Bedn0,56,19.04,43.36,96.0,62.0
